{
	"class_name" : "PinholeCameraParameters",
	"extrinsic" : 
	[
		0.9708952011765305,
		-0.079699833757052918,
		0.22585491987442396,
		0.0,
		-0.23009309885718182,
		-0.048632277293823148,
		0.97195270845011583,
		0.0,
		-0.066480630191684362,
		-0.99563187881079562,
		-0.065555226374421779,
		0.0,
		-25.378267432169999,
		3.1103540121746311,
		-20.067156924992833,
		1.0
	],
	"intrinsic" : 
	{
		"height" : 720,
		"intrinsic_matrix" : 
		[
			623.53829072479584,
			0.0,
			0.0,
			0.0,
			623.53829072479584,
			0.0,
			639.5,
			359.5,
			1.0
		],
		"width" : 1280
	},
	"version_major" : 1,
	"version_minor" : 0
}