{
	"class_name" : "PinholeCameraParameters",
	"extrinsic" : 
	[
		-0.93559713461595873,
		-0.0679730560863714,
		-0.34646452249066823,
		0.0,
		0.3527679053377068,
		-0.13942327585601547,
		-0.92526534308447128,
		0.0,
		0.014587894366717325,
		-0.98789716762214508,
		0.15442273000465015,
		0.0,
		13.15080895006057,
		9.3066454989988898,
		65.889324500007504,
		1.0
	],
	"intrinsic" : 
	{
		"height" : 1017,
		"intrinsic_matrix" : 
		[
			976.81941156483788,
			0.0,
			0.0,
			0.0,
			976.81941156483788,
			0.0,
			959.5,
			508.0,
			1.0
		],
		"width" : 1920
	},
	"version_major" : 1,
	"version_minor" : 0
}