{
	"class_name" : "PinholeCameraParameters",
	"extrinsic" : 
	[
		-0.63217965853451896,
		-0.1485778059663003,
		-0.76044297281875095,
		0.0,
		0.76977757413517722,
		-0.0086287207135482269,
		-0.63825389269271948,
		0.0,
		0.088268712994701376,
		-0.9888630748253715,
		0.11982676476134632,
		0.0,
		2.5547706377660422,
		4.8629137939201188,
		-4.3256557597850112,
		1.0
	],
	"intrinsic" : 
	{
		"height" : 720,
		"intrinsic_matrix" : 
		[
			514.13328242716125,
			0.0,
			0.0,
			0.0,
			514.13328242716125,
			0.0,
			639.5,
			359.5,
			1.0
		],
		"width" : 1280
	},
	"version_major" : 1,
	"version_minor" : 0
}